id_user,nome_completo,email,status,cpf,userType,last_login,perfil
U001,Ana Silva,ana.silva@example.com,Ativo,11122233301,Funcionário,2025-09-28,Admin
U002,Bruno Costa,bruno.costa@example.com,Ativo,11122233302,Funcionário,2025-10-01,Usuario
U003,Carla Dias,carla.dias@example.com,Ativo,11122233303,Terceirizado,2025-09-15,Usuario
U005,Eduarda Lima,eduarda.lima@example.com,Ativo,11122233305,Estagiário,2025-10-03,Suporte
U006,Fábio Rocha,fabio.rocha@example.com,Ativo,11122233306,Funcionário,2025-09-22,Admin
U007,Gabriela Melo,gabriela.melo@example.com,Ativo,11122233307,Funcionário,2025-09-30,Usuario
U008,Heitor Barros,heitor.barros@example.com,Ativo,11122233308,Terceirizado,2025-08-15,Usuario
U010,João Mendes,joao.mendes@example.com,Ativo,11122233310,Funcionário,2025-10-05,Financeiro
U011,Laura Santos,laura.santos@example.com,Ativo,11122233311,Estagiário,2025-10-01,Suporte
U012,Marcos Vieira,marcos.vieira@example.com,Ativo,11122233312,Funcionário,2025-09-27,Usuario
U013,Natália Cunha,natalia.cunha@example.com,Ativo,11122233313,Funcionário,2025-09-29,Usuario
U014,Otávio Ramos,otavio.ramos@example.com,Ativo,11122233314,Terceirizado,2025-06-20,Usuario
U015,Patrícia Gomes,paty.gomes@diferente.com,Ativo,11122233315,Funcionário,2025-10-04,Admin
U016,Rafael Castro,rafael.castro@example.com,Ativo,11122233316,Funcionário,2025-09-18,Usuario
U017,Sofia Martins,sofia.martins@example.com,Ativo,11122233317,Terceirizado,2025-08-25,Suporte
U018,Thiago Azevedo,thiago.azevedo@example.com,Ativo,11122233318,Funcionário,2025-09-21,Usuario
U019,Valentina Ribeiro,valentina.ribeiro@example.com,Ativo,11122233319,Estagiário,2025-10-02,Usuario
U021,Yasmin Farias,yasmin.farias@example.com,Ativo,11122233321,Funcionário,2025-09-26,Usuario
U022,Zeca Pereira,zeca.pereira@example.com,Ativo,11122233322,Terceirizado,2025-09-01,Usuario
U023,Amanda Soares,amanda.soares@example.com,Ativo,11122233323,Funcionário,2025-09-19,Suporte
U024,Bento Cardoso,bento.cardoso@example.com,Ativo,11122233324,Funcionário,2025-09-23,Usuario
U025,Celina Moreira,celina.moreira@example.com,Ativo,11122233325,Estagiário,2025-10-06,Usuario
U027,Elisa Ferraz,elisa.ferraz@example.com,Ativo,11122233327,Funcionário,2025-09-25,Financeiro
U028,Frederico Lopes,frederico.lopes@example.com,Ativo,11122233328,Terceirizado,2025-09-10,Usuario
U029,Giovana Pires,giovana.pires@example.com,Ativo,11122233329,Funcionário,2025-09-24,Usuario
U030,Hugo Justino,hugo.justino@example.com,Ativo,11122233330,Funcionário,2025-09-17,Usuario
T_01,Admin de Teste,admin.teste@example.com,Ativo,55544433301,Funcionário,2025-09-16,Admin
T_02,Usuario Temporario,user.temp@example.com,Ativo,55544433302,Terceirizado,2025-09-15,Usuario
T_03,Usuario de Sistema,system.user@example.com,Ativo,55544433303,Sistema,2025-09-14,Sistema